{"cameraMode":{"drawMode":0,"name":"Shaded","section":"Shading Mode"},"sceneLighting":false,"audioPlay":false,"sceneViewState":{"showFog":true,"showMaterialUpdate":false,"showSkybox":false,"showFlares":true,"showImageEffects":true,"showParticleSystems":true},"in2DMode":false,"pivot":{"x":-0.0005040582036599517,"y":0.042164478451013568,"z":0.28797781467437746},"rotation":{"x":-0.08265498280525208,"y":0.9135416746139526,"z":-0.2346263825893402,"w":-0.3218216300010681},"size":1.4660253524780274,"orthographic":false}