{"cameraMode":{"drawMode":0,"name":"Shaded","section":"Shading Mode"},"sceneLighting":true,"audioPlay":false,"sceneViewState":{"showFog":true,"showMaterialUpdate":false,"showSkybox":true,"showFlares":true,"showImageEffects":true,"showParticleSystems":true},"in2DMode":false,"pivot":{"x":-0.2327880859375,"y":-0.757080078125,"z":-5.367919921875},"rotation":{"x":0.09293744713068009,"y":0.9034366011619568,"z":-0.3354230225086212,"w":0.2503218948841095},"size":1.998085618019104,"orthographic":true}