{"cameraMode":{"drawMode":0,"name":"Shaded","section":"Shading Mode"},"sceneLighting":true,"audioPlay":false,"sceneViewState":{"showFog":true,"showMaterialUpdate":false,"showSkybox":true,"showFlares":true,"showImageEffects":true,"showParticleSystems":true},"in2DMode":false,"pivot":{"x":0.02497100830078125,"y":2.97998046875,"z":-1.7392578125},"rotation":{"x":0.3879379332065582,"y":-0.005528953857719898,"z":0.0023304258938878776,"w":0.9216727018356323},"size":5.629947185516357,"orthographic":true}