{"cameraMode":{"drawMode":0,"name":"Shaded","section":"Shading Mode"},"sceneLighting":true,"audioPlay":false,"sceneViewState":{"showFog":true,"showMaterialUpdate":false,"showSkybox":true,"showFlares":true,"showImageEffects":true,"showParticleSystems":true},"in2DMode":false,"pivot":{"x":3.2703847885131838,"y":2.191615104675293,"z":-6.951988697052002},"rotation":{"x":0.14805066585540772,"y":0.8063095211982727,"z":-0.22706389427185059,"w":0.525732159614563},"size":9.879114151000977,"orthographic":false}