{"cameraMode":{"drawMode":0,"name":"Shaded","section":"Shading Mode"},"sceneLighting":false,"audioPlay":false,"sceneViewState":{"showFog":true,"showMaterialUpdate":false,"showSkybox":false,"showFlares":true,"showImageEffects":true,"showParticleSystems":true},"in2DMode":false,"pivot":{"x":0.15350341796875,"y":1.9783859252929688,"z":-0.0184326171875},"rotation":{"x":0.004497535992413759,"y":0.032993678003549579,"z":-0.0001484725798945874,"w":0.999445378780365},"size":0.7846828699111939,"orthographic":true}