{"cameraMode":{"drawMode":0,"name":"Shaded","section":"Shading Mode"},"sceneLighting":true,"audioPlay":false,"sceneViewState":{"showFog":true,"showMaterialUpdate":false,"showSkybox":true,"showFlares":true,"showImageEffects":true,"showParticleSystems":true},"in2DMode":false,"pivot":{"x":1.519989252090454,"y":-5.419798374176025,"z":-1.2051739692687989},"rotation":{"x":0.4560622572898865,"y":0.3709803521633148,"z":-0.21711808443069459,"w":0.7792691588401794},"size":6.583359718322754,"orthographic":false}